<?xml version="1.0" encoding="UTF-8"?>
<beans xmlns="http://www.springframework.org/schema/beans"
	xmlns:xsi="http://www.w3.org/2001/XMLSchema-instance"
	xsi:schemaLocation="http://www.springframework.org/schema/beans
        https://www.springframework.org/schema/beans/spring-beans.xsd">

	<!-- more bean definitions go here -->

	<!-- <bean id="address" class="com.mindgate.pojo.Address" scope="prototype" 
		> -->
	<!-- <constructor-arg name="addressId" value="1"/> -->
	<!-- <constructor-arg name="street" value="M G road"/> -->
	<!-- <constructor-arg name="city" value="Pune"/> -->
	<!-- <constructor-arg name="state" value="Maharashtra"/> -->

	<!-- </bean> -->
	<!-- <bean id="employee" class="com.mindgate.pojo.Employee" scope="prototype"> -->

	<!-- <constructor-arg name="employeeId" value="101"/> -->
	<!-- <constructor-arg name="name" value="Shubham"/> -->
	<!-- <constructor-arg name="salary" value="37500"/> -->
	<!-- <constructor-arg name="homeAddress" ref="address"/> -->

	<!-- </bean> -->

<!-- 	<bean id="address" class="com.mindgate.pojo.Address" -->
<!-- 		scope="prototype"> -->
<!-- 		<property name="addressId" value="1" /> -->
<!-- 		<property name="street" value="M G road" /> -->
<!-- 		<property name="city" value="sangli" /> -->
<!-- 		<property name="state" value="Maharashtra" /> -->

<!-- 	</bean> -->
<!-- 	<bean id="employee" class="com.mindgate.pojo.Employee" -->
<!-- 		scope="prototype"> -->

<!-- 		<property name="employeeId" value="101" /> -->
<!-- 		<property name="name" value="Santosh" /> -->
<!-- 		<property name="salary" value="37500" /> -->
<!-- 		<property name="homeAddress" ref="address" /> -->

<!-- 	</bean> -->




<!-- <bean id="homeAddress" class="com.mindgate.pojo.Address" -->
<!-- 		scope="prototype"> -->
<!-- 		<property name="addressId" value="1" /> -->
<!-- 		<property name="street" value="M G road" /> -->
<!-- 		<property name="city" value="sangli" /> -->
<!-- 		<property name="state" value="Maharashtra" /> -->

<!-- 	</bean> -->
<!-- 	<bean id="employee" class="com.mindgate.pojo.Employee" -->
<!-- 		scope="prototype" autowire="byName"> -->

<!-- 		<property name="employeeId" value="101" /> -->
<!-- 		<property name="name" value="Santosh" /> -->
<!-- 		<property name="salary" value="37500" /> -->

<!-- 	</bean> -->


<bean id="address" class="com.mindgate.pojo.Address"
		scope="prototype">
		<property name="addressId" value="1" />
		<property name="street" value="M G road" />
		<property name="city" value="sangli" />
		<property name="state" value="Maharashtra" />

	</bean>
	<bean id="employee" class="com.mindgate.pojo.Employee"
		scope="prototype" autowire="byType">

		<property name="employeeId" value="101" />
		<property name="name" value="Santosh" />
		<property name="salary" value="37500" />

	</bean>



</beans>